ω, Vab, min
5000, 0.007645, 0.007643
10000, 0.0081, 0.008099
20000, 0.009679, 0.009673
30000, 0.001173, 0.001173
400000, 0.01395, 0.001394
50000, 0.001614, 0.001614
60000, 0.00182, 0.00182
70000, 0.00207, 0.00207
80000, 0.00217, 0.002169